[
    {
        "code": "HND",
        "name": "羽田空港",
        "city": "東京"
    },
    {
        "code": "NRT",
        "name": "成田国際空港",
        "city": "東京"
    },
    {
        "code": "KIX",
        "name": "関西国際空港",
        "city": "大阪"
    },
    {
        "code": "ITM",
        "name": "伊丹空港",
        "city": "大阪"
    },
    {
        "code": "NGO",
        "name": "中部国際空港",
        "city": "名古屋"
    },
    {
        "code": "FUK",
        "name": "福岡空港",
        "city": "福岡"
    },
    {
        "code": "CTS",
        "name": "新千歳空港",
        "city": "札幌"
    },
    {
        "code": "OKA",
        "name": "那覇空港",
        "city": "沖縄"
    },
    {
        "code": "ICN",
        "name": "仁川国際空港",
        "city": "ソウル"
    },
    {
        "code": "GMP",
        "name": "金浦国際空港",
        "city": "ソウル"
    },
    {
        "code": "TPE",
        "name": "台湾桃園国際空港",
        "city": "台北"
    },
    {
        "code": "HKG",
        "name": "香港国際空港",
        "city": "香港"
    },
    {
        "code": "BKK",
        "name": "スワンナプーム国際空港",
        "city": "バンコク"
    },
    {
        "code": "SIN",
        "name": "チャンギ国際空港",
        "city": "シンガポール"
    },
    {
        "code": "LHR",
        "name": "ヒースロー空港",
        "city": "ロンドン"
    },
    {
        "code": "CDG",
        "name": "シャルル・ド・ゴール空港",
        "city": "パリ"
    },
    {
        "code": "FRA",
        "name": "フランクフルト空港",
        "city": "フランクフルト"
    },
    {
        "code": "AMS",
        "name": "スキポール空港",
        "city": "アムステルダム"
    },
    {
        "code": "JFK",
        "name": "ジョン・F・ケネディ国際空港",
        "city": "ニューヨーク"
    },
    {
        "code": "LAX",
        "name": "ロサンゼルス国際空港",
        "city": "ロサンゼルス"
    },
    {
        "code": "SFO",
        "name": "サンフランシスコ国際空港",
        "city": "サンフランシスコ"
    },
    {
        "code": "SYD",
        "name": "シドニー空港",
        "city": "シドニー"
    },
    {
        "code": "MEL",
        "name": "メルボルン空港",
        "city": "メルボルン"
    }
]